Technologies,Number
Python,34
SQL,20
AWS,18
PyTorch,16
TensorFlow,16
Azure,14
NumPy,12
Pandas,12
GCP,11
Scikit-learn,10
Machine Learning,10
Docker,9
NLP,9
Kubernetes,8
LLMs,8
PostgreSQL,7
LangChain,6
MLOps,6
R,5
Deep Learning,5
BigQuery,5
Airflow,5
Hugging Face,5
RAG,5
API Development,5
Data Analysis,4
Model Deployment,4
Cloud Services,4
Data Science,4
Vector Databases,4
OpenAI,4
Git,4
Data Modeling,3
CI/CD,3
Spark,3
Excel,3
Power BI,3
Tableau,3
ETL,3
NoSQL,3
MySQL,3
React,3
Java,3
SAP CDS Views,2
SAP Datasphere/DWC,2
SAP ECC/S4,2
SAP BW/HANA/ABAP,2
SAP Analytics Cloud,2
SAP,2
Access Controls,2
CCPA,2
GDPR,2
Privacy Regulations,2
Data Analytics,2
Business Intelligence,2
ETL Processes,2
Cloud Platforms,2
Oracle,2
MongoDB,2
Big Data,2
Cassandra,2
DynamoDB,2
Data Warehousing,2
SAP Data Models,2
SAP Modules,2
SAP Cassandra,2
SAP MongoDB,2
SAP Oracle,2
SAP Relational Databases,2
SAP Performance Optimization,2
SAP DynamoDB,2
Performance Optimization,2
SAP Data Generalization,2
SAP Data Denormalization,2
SAP Data Normalization,2
Relational Databases,2
SAP Data Access,2
SAP Data Encryption,2
SAP Data Privacy,2
SAP Data Security,2
SAP Data Profiling,2
SAP Data Analysis,2
SAP Data LakeHouse,2
SAP Data Warehouse,2
SAP Data Architect,2
SAP Data Modeling,2
SAP Streaming Data,2
SAP Data Masking,2
Django,2
Flask,2
FastAPI,2
OpenCV,2
Chatbots,2
Semantic Search,2
Prompt Engineering,2
Model Optimization,2
Feature Engineering,2
Data Visualization,2
Data Pipelines,2
Data Warehouses,2
SAP Data Warehousing,2
Scala,2
Keras,2
C++,2
JavaScript,2
SAP CCPA,2
SAP GDPR,2
SAP Privacy Regulations,2
SAP Data Analytics,2
SAP Business Intelligence,2
SAP ETL Processes,2
SAP Cloud Platforms,2
SAP Access Controls,2
SAP Big Data,2
Nginx,2
Data Generalization,2
Data Denormalization,2
Data Normalization,2
Data Masking,2
Data Encryption,2
Data Harmonization,2
Data Cleansing,2
Data Profiling,2
Data Integration,2
Data Quality,2
Data Governance,2
Data Security,2
Data Integrity,2
Jupyter Notebook,2
Statistics,2
Clustering,2
Regression Analysis,2
Computer Vision,2
Hadoop,2
DataBricks,2
Snowflake,2
DBT,2
Kafka,2
Weaviate,2
Pinecone,2
LlamaIndex,2
Anthropic Models,2
Data Mining,2
